code,name,listing_date,shares,board
AADI,Adaro Andalan Indonesia Tbk.,2024-12-05,7786891760.0,Main
AALI,Astra Agro Lestari Tbk.,1997-12-09,1924688333.0,Main
ABBA,Mahaka Media Tbk.,2002-04-03,3935892857.0,Watchlist
ABDA,Asuransi Bina Dana Arta Tbk.,1989-07-06,620806680.0,Development
ABMM,ABM Investama Tbk.,2011-12-06,2753165000.0,Main
ACES,Aspirasi Hidup Indonesia Tbk.,2007-11-06,17120389700.0,Main
ACRO,Samcro Hyosung Adilestari Tbk.,2024-01-11,3469345537.0,Development
ACST,Acset Indonusa Tbk.,2013-06-24,17675160000.0,Watchlist
ADCP,Adhi Commuter Properti Tbk.,2021-05-21,22222222200.0,Development
ADES,Akasha Wira International Tbk.,1994-06-13,589896800.0,Watchlist
ADHI,Adhi Karya (Persero) Tbk.,2004-03-18,8407608979.0,Main
ADMF,Adira Dinamika Multi Finance T,2004-03-31,1235803109.0,Development
ADMG,Polychem Indonesia Tbk,1993-10-20,3889179559.0,Development
ADMR,Alamtri Minerals Indonesia Tbk,2022-01-03,40882331500.0,Main
ADRO,Alamtri Resources Indonesia Tb,2008-07-16,28800494200.0,Main
AEGS,Anugerah Spareparts Sejahtera,2023-09-11,1006080721.0,Acceleration
AGAR,Asia Sejahtera Mina Tbk.,2019-12-02,1000000000.0,Development
AGII,Samator Indo Gas Tbk.,2016-09-28,3066660000.0,Development
AGRO,Bank Raya Indonesia Tbk.,2003-08-08,24493093216.0,Main
AGRS,Bank IBK Indonesia Tbk.,2014-12-22,47367057874.0,Development
AHAP,Asuransi Harta Aman Pratama Tb,1990-09-14,4900000000.0,Development
AIMS,Artha Mahiya Investama Tbk.,2001-07-20,220000000.0,Development
AISA,FKS Food Sejahtera Tbk.,1997-06-11,9311800000.0,Main
AKKU,Anugerah Kagum Karya Utama Tbk,2004-11-01,6449463636.0,Watchlist
AKPI,Argha Karya Prima Industry Tbk,1992-12-18,612248000.0,Development
AKRA,AKR Corporindo Tbk.,1994-10-03,20073474600.0,Main
AKSI,Mineral Sumberdaya Mandiri Tbk,2001-07-13,720000000.0,Development
ALDO,Alkindo Naratama Tbk.,2011-07-12,2700713744.0,Main
ALII,Ancara Logistics Indonesia Tbk,2024-02-07,15825800000.0,Main
ALKA,Alakasa Industrindo Tbk,1990-07-12,507665055.0,Development
ALMI,Alumindo Light Metal Industry,1997-01-02,3816000000.0,Watchlist
ALTO,Tri Banyan Tirta Tbk.,2012-07-10,2191870558.0,Watchlist
AMAG,Asuransi Multi Artha Guna Tbk.,2005-12-23,5001552516.0,Main
AMAN,Makmur Berkah Amanda Tbk.,2020-03-13,3873500000.0,Development
AMAR,Bank Amar Indonesia Tbk.,2020-01-09,18197283760.0,Main
AMFG,Asahimas Flat Glass Tbk.,1995-11-08,434000000.0,Development
AMIN,Ateliers Mecaniques D Indonesi,2015-12-10,1080000000.0,Development
AMMN,Amman Mineral Internasional Tb,2023-07-07,72518217656.0,Main
AMMS,Agung Menjangan Mas Tbk.,2022-08-04,1235296802.0,Acceleration
AMOR,Ashmore Asset Management Indon,2020-01-14,2222222400.0,Development
AMRT,Sumber Alfaria Trijaya Tbk.,2009-01-15,41524501700.0,Main
ANDI,Andira Agro Tbk.,2018-08-16,9350000000.0,Watchlist
ANJT,Austindo Nusantara Jaya Tbk.,2013-05-08,3354175000.0,Development
ANTM,ANTAM (Persero) Tbk.,1997-11-27,24030764725.0,Main
APEX,Apexindo Pratama Duta Tbk.,2013-06-05,3546466661.0,Development
APIC,Pacific Strategic Financial Tb,2002-12-18,11766313488.0,Development
APII,Arita Prima Indonesia Tbk.,2013-10-29,1075760000.0,Development
APLI,Asiaplast Industries Tbk.,2000-05-01,1362671400.0,Development
APLN,Agung Podomoro Land Tbk.,2010-11-11,22699326779.0,Main
ARCI,Archi Indonesia Tbk.,2021-06-28,25235000000.0,Development
AREA,Dunia Virtual Online Tbk.,2024-04-01,2539601000.0,Development
ARGO,Argo Pantes Tbk,1991-01-07,3174339029.0,Development
ARII,Atlas Resources Tbk.,2011-11-08,3750000000.0,Development
ARKA,Arkha Jayanti Persada Tbk.,2019-07-10,2000000000.0,Watchlist
ARKO,Arkora Hydro Tbk.,2022-07-08,2928495000.0,Development
ARMY,Armidian Karyatama Tbk.,2017-06-21,9006250000.0,Watchlist
ARNA,Arwana Citramulia Tbk.,2001-07-17,7341430976.0,Main
ARTA,Arthavest Tbk,2002-11-05,446674175.0,Development
ARTI,Ratu Prabu Energi Tbk,2003-04-30,7840000000.0,Watchlist
ARTO,Bank Jago Tbk.,2016-01-12,13722768400.0,Main
ASBI,Asuransi Bintang Tbk.,1989-11-29,348386472.0,Development
ASDM,Asuransi Dayin Mitra Tbk.,1989-12-15,384000000.0,Development
ASGR,Astra Graphia Tbk.,1989-11-15,1348780500.0,Main
ASHA,Cilacap Samudera Fishing Indus,2022-05-27,5000000000.0,Development
ASII,Astra International Tbk.,1990-04-04,40483553140.0,Main
ASJT,Asuransi Jasa Tania Tbk.,2003-12-23,1400000000.0,Development
ASLC,Autopedia Sukses Lestari Tbk.,2022-01-25,12746354780.0,Development
ASLI,Asri Karya Lestari Tbk.,2024-01-05,6250000000.0,Development
ASMI,Asuransi Maximus Graha Persada,2014-01-16,8958380460.0,Watchlist
ASPI,Andalan Sakti Primaindo Tbk.,2020-02-17,683810725.0,Development
ASPR,Asia Pramulia Tbk.,2025-07-08,2712000000.0,Development
ASRI,Alam Sutera Realty Tbk.,2007-12-18,19649411888.0,Main
ASRM,Asuransi Ramayana Tbk.,1990-03-19,1277992036.0,Development
ASSA,Adi Sarana Armada Tbk.,2012-11-12,3691137517.0,Main
ATAP,Trimitra Prawara Goldland Tbk.,2020-12-11,1250000000.0,Development
ATIC,Anabatic Technologies Tbk.,2015-07-08,2894201693.0,Development
ATLA,Atlantis Subsea Indonesia Tbk.,2024-04-16,6199577693.0,Development
AUTO,Astra Otoparts Tbk.,1998-06-15,4819733000.0,Main
AVIA,Avia Avian Tbk.,2021-12-08,61953555600.0,Main
AWAN,Era Digital Media Tbk.,2023-04-18,3435000000.0,Development
AXIO,Tera Data Indonusa Tbk.,2022-07-20,5840126500.0,Development
AYAM,Janu Putra Sejahtera Tbk.,2023-11-30,4000000000.0,Development
AYLS,Arkayana Lestari Grup Tbk.,2020-02-12,853423236.0,Development
BABP,Bank MNC Internasional Tbk.,2002-07-15,44014333126.0,Development
BABY,Multitrend Indo Tbk.,2023-09-07,2854826582.0,Development
BACA,Bank Capital Indonesia Tbk.,2007-10-04,19753494636.0,Main
BACH,Bach Multi Global Tbk.,2026-07-08,4084430000.0,Main
BAIK,Bersama Mencapai Puncak Tbk.,2024-02-15,1127497572.0,Development
BAJA,Saranacentral Bajatama Tbk.,2011-12-21,1800000000.0,Watchlist
BALI,Bali Towerindo Sentra Tbk.,2014-03-13,3934592500.0,Main
BANK,Bank Aladin Syariah Tbk.,2021-02-01,14793174908.0,Development
BAPA,Bekasi Asri Pemula Tbk.,2008-01-14,661784520.0,Development
BAPI,Bhakti Agung Propertindo Tbk.,2019-09-16,5591980103.0,Watchlist
BATA,Sepatu Bata Tbk.,1982-03-24,1300000000.0,Watchlist
BATR,Benteng Api Technic Tbk.,2024-06-10,3025037353.0,Development
BAUT,Mitra Angkasa Sejahtera Tbk.,2022-01-28,4800182969.0,Watchlist
BAYU,Bayu Buana Tbk,1989-10-30,353220780.0,Main
BBCA,Bank Central Asia Tbk.,2000-05-31,122042299500.0,Main
BBHI,Allo Bank Indonesia Tbk.,2015-08-12,21512953877.0,Main
BBKP,Bank KB Indonesia Tbk.,2006-07-10,185819884852.0,Development
BBLD,Buana Finance Tbk.,1990-05-07,1645796054.0,Development
BBMD,Bank Mestika Dharma Tbk.,2013-07-08,4049189100.0,Main
BBNI,Bank Negara Indonesia (Persero,1996-11-25,36924339786.0,Main
BBRI,Bank Rakyat Indonesia (Persero,2003-11-10,150043411587.0,Main
BBRM,Pelayaran Nasional Bina Buana,2013-01-09,8479490328.0,Development
BBSI,Krom Bank Indonesia Tbk.,2020-09-07,3637976068.0,Main
BBSS,Bumi Benowo Sukses Sejahtera T,2020-04-15,4800016020.0,Development
BBTN,Bank Tabungan Negara (Persero),2009-12-17,13894099969.0,Main
BBYB,Bank Neo Commerce Tbk.,2015-01-13,13216977523.0,Main
BCAP,MNC Kapital Indonesia Tbk.,2001-06-08,42618850927.0,Main
BCIC,Bank JTrust Indonesia Tbk.,1997-06-25,17926071041.0,Development
BCIP,Bumi Citra Permai Tbk.,2009-12-11,1429915525.0,Development
BDKR,Berdikari Pondasi Perkasa Tbk.,2023-03-03,4725101522.0,Main
BDMN,Bank Danamon Indonesia Tbk.,1989-12-06,9675817341.0,Main
BEBS,Berkah Beton Sadaya Tbk.,2021-03-10,45000000000.0,Watchlist
BEEF,Estika Tata Tiara Tbk.,2019-01-10,8120249598.0,Development
BEER,Jobubu Jarum Minahasa Tbk.,2023-01-06,4000000000.0,Development
BEKS,Bank Pembangunan Daerah Banten,2001-07-13,51351733883.0,Watchlist
BELI,Global Digital Niaga Tbk.,2022-11-08,137218985689.0,Development
BELL,Trisula Textile Industries Tbk,2017-10-03,7250000000.0,Development
BESS,Batulicin Nusantara Maritim Tb,2020-03-09,3440455528.0,Development
BEST,Bekasi Fajar Industrial Estate,2012-04-10,9647311150.0,Main
BFIN,BFI Finance  Indonesia Tbk.,1990-05-16,15039383620.0,Main
BGTG,Bank Ganesha Tbk.,2016-05-12,23731287132.0,Main
BHAT,Bhakti Multi Artha Tbk.,2020-04-15,5000000000.0,Development
BHIT,MNC Asia Holding Tbk.,1997-11-24,86068156705.0,Watchlist
BIKA,Binakarya Jaya Abadi Tbk.,2015-07-14,592280000.0,Watchlist
BIKE,Bhineka Inovasi Ketahanan Ener,2022-03-21,1293916404.0,Development
BIMA,Primarindo Asia Infrastructure,1994-08-30,608175716.0,Watchlist
BINA,Bank Ina Perdana Tbk.,2014-01-16,6073369498.0,Main
BINO,Perma Plasindo Tbk.,2021-11-25,2275316111.0,Development
BIPI,Astrindo Nusantara Infrastrukt,2010-02-11,63710196917.0,Development
BIPP,Bhuwanatala Indah Permai Tbk.,1995-10-23,5028669376.0,Development
BIRD,Blue Bird Tbk.,2014-11-05,2502100000.0,Main
BISI,BISI International Tbk.,2007-05-28,3000000000.0,Main
BJBR,Bank Pembangunan Daerah Jawa B,2010-07-08,10416229249.0,Main
BJTM,Bank Pembangunan Daerah Jawa T,2012-07-12,14865343101.0,Main
BKDP,Bukit Darmo Property Tbk,2007-06-15,7513992252.0,Development
BKSL,Sentul City Tbk.,1997-07-28,167708902705.0,Main
BKSW,Bank QNB Indonesia Tbk.,2002-11-21,34806467881.0,Development
BLES,Superior Prima Sukses Tbk.,2024-07-08,8890206400.0,Development
BLOG,Trimitra Trans Persada Tbk.,2025-07-10,3379487200.0,Main
BLTA,Berlian Laju Tanker Tbk,1990-03-26,25940187103.0,Watchlist
BLTZ,Graha Layar Prima Tbk.,2014-04-10,873937142.0,Watchlist
BLUE,Berkah Prima Perkasa Tbk.,2019-07-08,418000000.0,Development
BMAS,Bank Kasikorn Indonesia Tbk.,2013-07-11,17921635680.0,Development
BMBL,Lavender Bina Cendikia Tbk.,2023-01-11,1030080995.0,Acceleration
BMHS,Bundamedik Tbk.,2021-07-06,8603416176.0,Main
BMRI,Bank Mandiri (Persero) Tbk.,2003-07-14,92399999996.0,Main
BMSR,Bintang Mitra Semestaraya Tbk,1999-12-29,1159200024.0,Development
BMTR,Global Mediacom Tbk.,1995-07-17,16583997586.0,Main
BNBA,Bank Bumi Arta Tbk.,2006-06-01,3354120000.0,Development
BNBR,Bakrie & Brothers Tbk,1989-08-28,263336671587.0,Development
BNGA,Bank CIMB Niaga Tbk.,1989-11-29,24890783784.0,Main
BNII,Bank Maybank Indonesia Tbk.,1989-11-21,75357433911.0,Main
BNLI,Bank Permata Tbk.,1990-01-15,35819545925.0,Main
BOAT,Newport Marine Services Tbk.,2024-11-12,3501680000.0,Development
BOBA,Formosa Ingredient Factory Tbk,2021-11-01,1155750000.0,Development
BOGA,Apollo Global Interactive Tbk.,2016-12-19,3803526210.0,Development
BOLA,Bali Bintang Sejahtera Tbk.,2019-06-17,6000000000.0,Main
BOLT,Garuda Metalindo Tbk.,2015-07-07,2343750000.0,Development
BOSS,Borneo Olah Sarana Sukses Tbk.,2018-02-15,1400000000.0,Watchlist
BPFI,Woori Finance Indonesia Tbk.,2009-06-01,2673995362.0,Development
BPII,Batavia Prosperindo Internasio,2014-07-08,9884153240.0,Development
BPTR,Batavia Prosperindo Trans Tbk.,2018-07-09,3534000000.0,Development
BRAM,Indo Kordsa Tbk.,1990-09-05,450056980.0,Development
BREN,Barito Renewables Energy Tbk.,2023-10-09,133786220000.0,Main
BRIS,Bank Syariah Indonesia (Perser,2018-05-09,45667877639.0,Main
BRMS,Bumi Resources Minerals Tbk.,2010-12-09,141784040338.0,Main
BRNA,Berlina Tbk.,1989-11-06,979110000.0,Development
BRPT,Barito Pacific Tbk.,1993-10-01,93747218044.0,Main
BRRC,Raja Roti Cemerlang Tbk.,2025-01-09,994603036.0,Development
BSBK,Wulandari Bangun Laksana Tbk.,2022-11-08,25091882375.0,Development
BSDE,Bumi Serpong Damai Tbk.,2008-06-06,21171365812.0,Main
BSIM,Bank Sinarmas Tbk.,2010-12-13,19517921842.0,Main
BSML,Bintang Samudera Mandiri Lines,2021-12-16,1850225000.0,Development
BSSR,Baramulti Suksessarana Tbk.,2012-11-08,2616500000.0,Main
BSWD,Bank Of India Indonesia Tbk.,2002-05-01,3651978177.0,Watchlist
BTEK,Bumi Teknokultura Unggul Tbk,2004-05-14,46277496376.0,Watchlist
BTEL,Bakrie Telecom Tbk.,2006-02-03,44646321473.0,Watchlist
BTON,Betonjaya Manunggal Tbk.,2001-07-18,720000000.0,Development
BTPN,Bank SMBC Indonesia Tbk.,2008-03-12,10536203690.0,Main
BTPS,Bank BTPN Syariah Tbk.,2018-05-08,7626663000.0,Main
BUAH,Segar Kumala Indonesia Tbk.,2022-08-09,2000000000.0,Development
BUDI,Budi Starch & Sweetener Tbk.,1995-05-08,4498997362.0,Main
BUKA,Bukalapak.com Tbk.,2021-08-06,103167090767.0,Ekonomi Baru
BUKK,Bukaka Teknik Utama Tbk.,2015-06-29,2640452000.0,Development
BULL,Buana Lintas Lautan Tbk.,2011-05-23,15494436593.0,Development
BUMI,Bumi Resources Tbk.,1990-07-30,371335392068.0,Main
BUVA,Bukit Uluwatu Villa Tbk.,2010-07-12,24617054642.0,Development
BVIC,Bank Victoria International Tb,1999-06-30,18235266754.0,Main
BWPT,Eagle High Plantations Tbk.,2009-10-27,31525291000.0,Main
BYAN,Bayan Resources Tbk.,2008-08-12,33333335000.0,Main
CAKK,Cahayaputra Asa Keramik Tbk.,2018-10-31,1203300219.0,Development
CAMP,Campina Ice Cream Industry Tbk,2017-12-19,5885000000.0,Development
CANI,Capitol Nusantara Indonesia Tb,2014-01-16,833440000.0,Watchlist
CARE,Metro Healthcare Indonesia Tbk,2020-03-13,33250000000.0,Development
CARS,Industri dan Perdagangan Bintr,2017-04-10,15000000000.0,Main
CASA,Capital Financial Indonesia Tb,2016-07-19,54476269803.0,Development
CASH,Cashlez Worldwide Indonesia Tb,2020-05-04,2427802216.0,Acceleration
CASS,Cahaya Aero Services Tbk.,2011-12-05,2086950000.0,Main
CBDK,Bangun Kosambi Sukses Tbk.,2025-01-13,5668944500.0,Main
CBMF,Cahaya Bintang Medan Tbk.,2020-04-09,1875000000.0,Watchlist
CBPE,Citra Buana Prasida Tbk.,2023-01-06,1356250000.0,Development
CBRE,Cakra Buana Resources Energi T,2023-01-09,4538067441.0,Development
CBUT,Citra Borneo Utama Tbk.,2022-11-08,3125000000.0,Main
CCSI,Communication Cable Systems In,2019-06-18,1333333331.0,Development
CDIA,Chandra Daya Investasi Tbk.,2025-07-09,124829374700.0,Development
CEKA,Wilmar Cahaya Indonesia Tbk.,1996-07-09,595000000.0,Development
CENT,Centratama Telekomunikasi Indo,2001-11-01,31183464900.0,Development
CFIN,Clipan Finance Indonesia Tbk.,1990-08-27,3984520457.0,Main
CGAS,Citra Nusantara Gemilang Tbk.,2024-01-08,1771499039.0,Development
CHEK,Diastika Biotekindo Tbk.,2025-07-10,4113331485.0,Development
CHEM,Chemstar Indonesia Tbk.,2022-07-08,1700014594.0,Development
CHIP,Pelita Teknologi Global Tbk.,2023-02-08,806000000.0,Acceleration
CINT,Chitose Internasional Tbk.,2014-06-27,1000000000.0,Development
CITA,Cita Mineral Investindo Tbk.,2002-03-20,3960361250.0,Main
CITY,Natura City Developments Tbk.,2018-09-28,5405188966.0,Development
CLAY,Citra Putra Realty Tbk.,2019-01-18,2570000000.0,Development
CLEO,Sariguna Primatirta Tbk.,2017-05-05,24000000000.0,Main
CLPI,Colorpak Indonesia Tbk.,2001-11-30,306338500.0,Development
CMNP,Citra Marga Nusaphala Persada,1995-01-10,6696354391.0,Main
CMNT,Cemindo Gemilang Tbk.,2021-09-08,17125504000.0,Development
CMPP,AirAsia Indonesia Tbk.,1994-12-08,10685124441.0,Watchlist
CMRY,Cisarua Mountain Dairy Tbk.,2021-12-06,7934683000.0,Main
CNKO,Exploitasi Energi Indonesia Tb,2001-11-20,8956361206.0,Watchlist
CNMA,Nusantara Sejahtera Raya Tbk.,2023-08-02,83345000000.0,Development
COAL,Black Diamond Resources Tbk.,2022-09-07,6250000000.0,Development
COCO,Wahana Interfood Nusantara Tbk,2019-03-20,14237823696.0,Development
COIN,Indokripto Koin Semesta Tbk.,2025-07-09,14705882400.0,Development
COWL,Cowell Development Tbk.,2007-12-19,4871214021.0,Watchlist
CPIN,Charoen Pokphand Indonesia Tbk,1991-03-18,16398000000.0,Main
CPRI,Capri Nusa Satu Properti Tbk.,2019-04-11,2433379958.0,Watchlist
CPRO,Central Proteina Prima Tbk.,2006-11-28,59572382787.0,Development
CRAB,Toba Surimi Industries Tbk.,2022-08-10,1950000000.0,Development
CRSN,Carsurin Tbk.,2023-07-10,2892000000.0,Development
CSAP,Catur Sentosa Adiprana Tbk.,2007-12-12,5683175151.0,Development
CSIS,Cahayasakti Investindo Sukses,2017-05-10,1829803403.0,Development
CSMI,Cipta Selera Murni Tbk.,2020-04-09,816061500.0,Development
CSRA,Cisadane Sawit Raya Tbk.,2020-01-09,2050000000.0,Development
CTBN,Citra Tubindo Tbk.,1989-11-28,800371500.0,Development
CTRA,Ciputra Development Tbk.,1994-03-28,18535695255.0,Main
CTTH,Citatah Tbk.,1996-07-03,1230839821.0,Development
CUAN,Petrindo Jaya Kreasi Tbk.,2023-03-08,112418900000.0,Main
CYBR,ITSEC Asia Tbk.,2023-08-08,13483357505.0,Development
DAAZ,Daaz Bara Lestari Tbk.,2024-11-11,1997000000.0,Main
DADA,Diamond Citra Propertindo Tbk.,2020-02-14,7431530800.0,Development
DART,Duta Anggada Realty Tbk.,1990-05-08,3141390962.0,Development
DATA,Remala Abadi Tbk.,2024-05-07,1375000000.0,Development
DAYA,Duta Intidaya Tbk.,2016-06-28,2420547025.0,Development
DCII,DCI Indonesia Tbk.,2021-01-06,2383745900.0,Development
DEAL,Dewata Freightinternational Tb,2018-11-11,1146170959.0,Watchlist
DEFI,Danasupra Erapacific Tbk.,2001-07-06,687266666.0,Development
DEPO,Caturkarda Depo Bangunan Tbk.,2021-11-25,6790000000.0,Development
DEWA,Darma Henwa Tbk,2007-09-26,40687434244.0,Main
DEWI,Dewi Shri Farmindo Tbk.,2022-07-18,2000000000.0,Development
DFAM,Dafam Property Indonesia Tbk.,2018-04-27,1899852850.0,Development
DGIK,Nusa Konstruksi Enjiniring Tbk,2007-12-19,5541165000.0,Development
DGNS,Diagnos Laboratorium Utama Tbk,2021-01-15,1375000000.0,Development
DGWG,Delta Giri Wacana Tbk.,2025-01-13,5882353000.0,Main
DIGI,Arkadia Digital Media Tbk.,2018-09-18,1625000000.0,Watchlist
DILD,Intiland Development Tbk.,1991-09-04,10365854185.0,Main
DIVA,Distribusi Voucher Nusantara T,2018-11-27,1428571400.0,Development
DKFT,Central Omega Resources Tbk.,1997-11-21,5638246600.0,Main
DKHH,Cipta Sarana Medika Tbk.,2025-05-08,2550312624.0,Development
DLTA,Delta Djakarta Tbk.,1984-02-27,800659050.0,Main
DMAS,Puradelta Lestari Tbk.,2015-05-29,48198111100.0,Main
DMMX,Digital Mediatama Maxima Tbk.,2019-10-21,7692307700.0,Development
DMND,Diamond Food Indonesia Tbk.,2020-01-22,9468359000.0,Main
DNAR,Bank Oke Indonesia Tbk.,2014-07-11,16721891185.0,Development
DNET,Indoritel Makmur Internasional,2000-12-11,14184000000.0,Main
DOID,BUMA Internasional Grup Tbk.,2001-06-15,7651007132.0,Development
DOOH,Era Media Sejahtera Tbk.,2023-05-08,7738891036.0,Development
DOSS,Global Sukses Digital Tbk.,2024-08-07,1725000000.0,Development
DPNS,Duta Pertiwi Nusantara Tbk.,1990-08-08,331129952.0,Development
DPUM,Dua Putra Utama Makmur Tbk.,2015-12-08,4175000000.0,Development
DRMA,Dharma Polimetal Tbk.,2021-12-20,4705882300.0,Main
DSFI,Dharma Samudera Fishing Indust,2000-03-24,1857135500.0,Development
DSNG,Dharma Satya Nusantara Tbk.,2013-06-14,10599842400.0,Main
DSSA,Dian Swastatika Sentosa Tbk,2009-12-10,192638080000.0,Main
DUCK,Jaya Bersama Indo Tbk.,2018-10-10,1283330000.0,Watchlist
DUTI,Duta Pertiwi Tbk,1994-11-02,1850000000.0,Watchlist
DVLA,Darya-Varia Laboratoria Tbk.,1994-11-11,1120000000.0,Development
DWGL,Dwi Guna Laksana Tbk.,2017-12-13,9252820991.0,Development
DYAN,Dyandra Media International Tb,2013-03-25,4272964279.0,Development
EAST,Eastparc Hotel Tbk.,2019-07-09,4126405336.0,Development
ECII,Electronic City Indonesia Tbk.,2013-07-03,1334333000.0,Development
EDGE,Indointernet Tbk.,2021-02-08,2020250000.0,Development
EKAD,Ekadharma International Tbk.,1990-08-14,3493875000.0,Development
ELIT,Data Sinergitama Jaya Tbk.,2023-01-06,2031643057.0,Development
ELPI,Pelayaran Nasional Ekalya Purn,2022-08-08,9524420000.0,Main
ELSA,Elnusa Tbk.,2008-02-06,7298500000.0,Main
ELTY,Bakrieland Development Tbk.,1995-10-30,43521913019.0,Watchlist
EMAS,Merdeka Gold Resources Tbk.,2025-09-23,14731366060.0,Development
EMDE,Megapolitan Developments Tbk.,2011-01-12,3350000000.0,Development
EMMI,Esa Medika Mandiri Tbk.,2026-07-08,1742857000.0,Development
EMTK,Elang Mahkota Teknologi Tbk.,2010-01-12,61426451483.0,Main
ENAK,Champ Resto Indonesia Tbk.,2022-02-08,2166666800.0,Development
ENRG,Energi Mega Persada Tbk.,2004-06-07,26564543750.0,Main
ENVY,Envy Technologies Indonesia Tb,2019-07-08,1800000000.0,Watchlist
ENZO,Morenzo Abadi Perkasa Tbk.,2020-09-14,2162547122.0,Development
EPAC,Megalestari Epack Sentosaraya,2020-07-01,3303400000.0,Development
EPMT,Enseval Putera Megatrading Tbk,1994-08-01,2708640000.0,Main
ERAA,Erajaya Swasembada Tbk.,2011-12-14,15950000000.0,Main
ERAL,Sinar Eka Selaras Tbk.,2023-08-08,5187500000.0,Main
ERTX,Eratex Djaja Tbk.,1990-08-21,1286539792.0,Development
ESIP,Sinergi Inti Plastindo Tbk.,2019-11-14,1109953847.0,Development
ESSA,ESSA Industries Indonesia Tbk.,2012-02-01,17226975700.0,Main
ESTA,Esta Multi Usaha Tbk.,2020-03-09,2425354179.0,Development
ESTI,Ever Shine Tex Tbk.,1992-10-13,2015208720.0,Development
ETWA,Eterindo Wahanatama Tbk,1997-05-16,4668671400.0,Watchlist
EURO,Estee Gold Feet Tbk.,2022-08-08,2548826428.0,Acceleration
EXCL,XLSMART Telecom Sejahtera Tbk.,2005-09-29,18199862451.0,Main
FAPA,FAP Agri Tbk.,2021-01-04,3629411800.0,Development
FAST,Fast Food Indonesia Tbk.,1993-05-11,4523610492.0,Development
FASW,Fajar Surya Wisesa Tbk.,1994-12-19,3221255423.0,Watchlist
FILM,MD Entertainment Tbk.,2018-08-07,10887566758.0,Main
FIMP,Fimperkasa Utama Tbk.,2021-04-09,400000975.0,Watchlist
FIRE,Alfa Energi Investama Tbk.,2017-06-09,1475363179.0,Development
FISH,FKS Multi Agro Tbk.,2002-01-18,4800000000.0,Main
FITT,Hotel Fitra International Tbk.,2019-06-11,1304272051.0,Development
FLMC,Falmaco Nonwoven Industri Tbk.,2021-07-08,781250000.0,Acceleration
FMII,Fortune Mate Indonesia Tbk,2000-06-30,6400000000.0,Development
FOLK,Multi Garam Utama Tbk.,2023-08-07,4091357544.0,Development
FOOD,Sentra Food Indonesia Tbk.,2019-01-08,650000000.0,Watchlist
FORE,Fore Kopi Indonesia Tbk.,2025-04-14,8918359270.0,Development
FORU,Fortune Indonesia Tbk,2002-01-17,465224000.0,Development
FPNI,Lotte Chemical Titan Tbk.,2002-03-21,5566414000.0,Development
FUJI,Fuji Finance Indonesia Tbk.,2019-07-09,1300000000.0,Development
FUTR,Futura Energi Global Tbk.,2023-02-27,6635551959.0,Development
FWCT,Wijaya Cahaya Timber Tbk.,2023-02-01,1963000000.0,Development
GAMA,Aksara Global Development Tbk.,2012-07-11,10011027656.0,Watchlist
GDST,Gunawan Dianjaya Steel Tbk.,2009-12-23,9242500000.0,Development
GDYR,Goodyear Indonesia Tbk.,1980-12-22,410000000.0,Development
GEMA,Gema Grahasarana Tbk.,2002-08-12,1600000000.0,Development
GEMS,Golden Energy Mines Tbk.,2011-11-17,5882353000.0,Main
GGRM,Gudang Garam Tbk.,1990-08-27,1924088000.0,Main
GGRP,Gunung Raja Paksi Tbk.,2019-09-19,12111376157.0,Development
GHON,Gihon Telekomunikasi Indonesia,2018-04-09,550000000.0,Development
GIAA,Garuda Indonesia (Persero) Tbk,2011-02-11,407091703837.0,Development
GJTL,Gajah Tunggal Tbk.,1990-05-08,3484800000.0,Main
GLOB,Globe Kita Terang Tbk.,2012-07-10,1111112000.0,Watchlist
GLVA,Galva Technologies Tbk.,2019-12-23,1500000000.0,Main
GMFI,Garuda Maintenance Facility Ae,2017-10-10,124835258434.0,Development
GMTD,Gowa Makassar Tourism Developm,2000-12-11,1015380000.0,Development
GOLD,Visi Telekomunikasi Infrastruk,2010-07-07,1277276000.0,Development
GOLF,Intra Golflink Resorts Tbk.,2024-07-08,19486760000.0,Main
GOLL,Golden Plantation Tbk.,2014-12-23,3665000759.0,Watchlist
GOOD,Garudafood Putra Putri Jaya Tb,2018-10-10,36897901455.0,Main
GOTO,GoTo Gojek Tokopedia Tbk.,2022-04-11,1140573267220.0,Development
GPRA,Perdana Gapuraprima Tbk.,2007-10-10,4276655336.0,Development
GPSO,Geoprima Solusi Tbk.,2021-09-06,733415103.0,Development
GRIA,Ingria Pratama Capitalindo Tbk,2023-08-08,7375720674.0,Development
GRPH,Griptha Putra Persada Tbk.,2024-01-17,1000000000.0,Development
GRPM,Graha Prima Mentari Tbk.,2023-07-10,1571666469.0,Acceleration
GSMF,Equity Development Investment,1989-10-23,15456814805.0,Development
GTBO,Garda Tujuh Buana Tbk,2009-07-09,2500000000.0,Development
GTRA,Grahaprima Suksesmandiri Tbk.,2023-03-30,1894375000.0,Development
GTSI,GTS Internasional Tbk.,2021-09-08,15819142767.0,Development
GULA,Aman Agrindo Tbk.,2022-08-03,1070362500.0,Development
GUNA,Gunanusa Eramandiri Tbk.,2024-07-09,2500000000.0,Development
GWSA,Greenwood Sejahtera Tbk.,2011-12-23,7800760000.0,Development
GZCO,Gozco Plantations Tbk.,2008-05-15,6000000000.0,Main
HADE,Himalaya Energi Perkasa Tbk.,2004-04-12,2120000000.0,Watchlist
HAIS,Hasnur Internasional Shipping,2021-09-01,2626250000.0,Development
HAJJ,Arsy Buana Travelindo Tbk.,2023-04-05,2468527572.0,Acceleration
HALO,Haloni Jane Tbk.,2023-02-08,6078729117.0,Development
HATM,Habco Trans Maritima Tbk.,2022-07-26,8680000000.0,Main
HBAT,Minahasa Membangun Hebat Tbk.,2023-08-07,1040740800.0,Acceleration
HDFA,Radana Bhaskara Finance Tbk.,2011-05-10,6542445783.0,Development
HDIT,Hensel Davest Indonesia Tbk.,2019-07-12,1524680000.0,Main
HEAL,Medikaloka Hermina Tbk.,2018-05-16,15365950000.0,Main
HELI,Jaya Trishindo Tbk.,2018-03-27,832862387.0,Development
HERO,DFI Retail Nusantara Tbk.,1989-08-21,4183634000.0,Main
HEXA,Hexindo Adiperkasa Tbk.,1995-02-13,840000000.0,Main
HGII,Hero Global Investment Tbk.,2025-01-09,6500000000.0,Development
HILL,Hillcon Tbk.,2023-03-01,14741500000.0,Watchlist
HITS,Humpuss Intermoda Transportasi,1997-12-15,7101084801.0,Watchlist
HKMU,HK Metals Utama Tbk.,2018-10-09,3221750000.0,Watchlist
HMSP,H.M. Sampoerna Tbk.,1990-08-15,116318076900.0,Main
HOKI,Buyung Poetra Sembada Tbk.,2017-06-22,9677752680.0,Development
HOME,Hotel Mandarine Regency Tbk.,2008-07-17,22212194782.0,Watchlist
HOMI,Grand House Mulia Tbk.,2020-09-10,1575000000.0,Development
HOPE,Harapan Duta Pertiwi Tbk.,2021-05-24,2130360203.0,Development
HOTL,Saraswati Griya Lestari Tbk.,2013-01-10,3550001452.0,Watchlist
HRME,Menteng Heritage Realty Tbk.,2019-04-12,5958750000.0,Watchlist
HRTA,Hartadinata Abadi Tbk.,2017-06-21,4605262400.0,Main
HRUM,Harum Energy Tbk.,2010-10-06,13518100000.0,Main
HUMI,Humpuss Maritim Internasional,2023-08-09,18063771579.0,Development
HYGN,Ecocare Indo Pasifik Tbk.,2024-02-13,2525000000.0,Development
IATA,Karya Pacific Energy Tbk.,2006-09-13,31275829981.0,Development
IBFN,Intan Baru Prana Tbk.,2014-12-22,1517332349.0,Watchlist
IBOS,Indo Boga Sukses Tbk.,2022-04-25,8065789529.0,Acceleration
IBST,Inti Bangun Sejahtera Tbk.,2012-08-31,1350904927.0,Watchlist
ICBP,Indofood CBP Sukses Makmur Tbk,2010-10-07,11661908000.0,Main
ICON,Island Concepts Indonesia Tbk.,2005-07-08,1089750000.0,Development
IDEA,Idea Indonesia Akademi Tbk.,2021-09-09,1062437500.0,Acceleration
IDPR,Indonesia Pondasi Raya Tbk.,2015-12-10,2003000000.0,Development
IFII,Indonesia Fibreboard Industry,2019-12-10,9412000000.0,Development
IFSH,Ifishdeco Tbk.,2019-12-05,2125000000.0,Watchlist
IGAR,Champion Pacific Indonesia Tbk,1990-11-05,927780600.0,Development
IIKP,Inti Agri Resources Tbk,2002-10-14,33600000000.0,Watchlist
IKAI,Intikeramik Alamasri Industri,1997-06-04,13305799387.0,Watchlist
IKAN,Era Mandiri Cemerlang Tbk.,2020-02-12,833333000.0,Development
IKBI,Sumi Indo Kabel Tbk.,1991-01-21,1224000000.0,Development
IKPM,Ikapharmindo Putramas Tbk.,2023-11-08,1684662500.0,Development
IMAS,Indomobil Sukses Internasional,1993-11-15,3994291039.0,Main
IMJS,Indomobil Multi Jasa Tbk.,2013-12-10,10849262500.0,Development
IMPC,Impack Pratama Industri Tbk.,2014-12-17,54907000000.0,Main
INAF,Indofarma Tbk.,2001-04-17,3099267500.0,Watchlist
INAI,Indal Aluminium Industry Tbk.,1994-12-05,633600000.0,Development
INCF,Indo Komoditi Korpora Tbk.,2016-09-06,1438370465.0,Watchlist
INCI,Intanwijaya Internasional Tbk,1990-07-24,207656617.0,Development
INCO,Vale Indonesia Tbk.,1990-05-16,10539784534.0,Main
INDF,Indofood Sukses Makmur Tbk.,1994-07-14,8780426500.0,Main
INDO,Royalindo Investa Wijaya Tbk.,2020-01-13,4480741638.0,Development
INDR,Indo-Rama Synthetics Tbk.,1990-08-03,654351707.0,Development
INDS,Indospring Tbk.,1990-08-10,6562497100.0,Development
INDX,Tanah Laut Tbk,2001-05-17,437913588.0,Development
INDY,Indika Energy Tbk.,2008-06-11,5210192000.0,Main
INET,Sinergi Inti Andalan Prima Tbk,2023-07-24,22375402831.0,Development
INKP,Indah Kiat Pulp & Paper Tbk.,1990-07-16,5470982941.0,Main
INOV,Inocycle Technology Group Tbk.,2019-07-10,1808221900.0,Development
INPC,Bank Artha Graha Internasional,1990-08-23,20021178779.0,Main
INPP,Indonesian Paradise Property T,2004-01-12,11181971732.0,Development
INPS,Indah Prakasa Sentosa Tbk.,2018-04-06,650000000.0,Watchlist
INRU,Toba Pulp Lestari Tbk.,1990-06-18,1388883283.0,Watchlist
INTA,Intraco Penta Tbk.,1993-08-23,3343935022.0,Watchlist
INTD,Inter Delta Tbk,1989-12-18,591828000.0,Development
INTP,Indocement Tunggal Prakarsa Tb,1989-12-05,3431073399.0,Main
IOTF,Sumber Sinergi Makmur Tbk.,2023-10-06,5290298067.0,Development
IPAC,Era Graharealty Tbk.,2021-06-30,949868500.0,Acceleration
IPCC,Indonesia Kendaraan Terminal T,2018-07-09,1818384820.0,Main
IPCM,Jasa Armada Indonesia Tbk.,2017-12-22,5284811100.0,Main
IPOL,Indopoly Swakarsa Industry Tbk,2010-07-09,6443379509.0,Development
IPPE,Indo Pureco Pratama Tbk.,2021-12-09,4600000000.0,Watchlist
IPTV,MNC Vision Networks Tbk.,2019-07-08,42197950841.0,Watchlist
IRRA,Itama Ranoraya Tbk.,2019-10-15,1600000000.0,Development
IRSX,Folago Global Nusantara Tbk.,2023-02-07,6195047377.0,Development
ISAP,Isra Presisi Indonesia Tbk.,2022-12-09,4020356282.0,Acceleration
ISAT,Indosat Tbk.,1994-10-19,32250810957.0,Main
ISEA,Indo American Seafoods Tbk.,2024-07-08,1390013370.0,Development
ISSP,Steel Pipe Industry of Indones,2013-02-22,7185992035.0,Main
ITIC,Indonesian Tobacco Tbk.,2019-07-04,940720000.0,Development
ITMA,Sumber Energi Andalan Tbk.,1990-12-10,999053167.0,Development
ITMG,Indo Tambangraya Megah Tbk.,2007-12-18,1129925000.0,Main
JARR,Jhonlin Agro Raya Tbk.,2022-08-04,9230665050.0,Main
JAST,Jasnita Telekomindo Tbk.,2019-05-16,1082575738.0,Development
JATI,Informasi Teknologi Indonesia,2023-05-08,3262520106.0,Development
JAWA,Jaya Agra Wattie Tbk.,2011-05-30,16232951842.0,Development
JAYA,Armada Berjaya Trans Tbk.,2019-02-21,798499394.0,Development
JECC,Jembo Cable Company Tbk.,1992-11-18,756000000.0,Development
JECX,Nitrasanata Dharma Tbk.,2026-07-07,3253222300.0,Main
JELI,Niramas Utama Tbk.,2026-07-07,1266000000.0,Development
JGLE,Graha Andrasentra Propertindo,2016-06-29,22581909405.0,Development
JIHD,Jakarta International Hotels &,1984-02-29,2329040482.0,Main
JKON,Jaya Konstruksi Manggala Prata,2007-12-04,16308519860.0,Main
JMAS,Asuransi Jiwa Syariah Jasa Mit,2017-12-18,1000000000.0,Development
JPFA,Japfa Comfeed Indonesia Tbk.,1989-10-23,11726575201.0,Main
JRPT,Jaya Real Property Tbk.,1994-06-29,12910719100.0,Main
JSKY,Sky Energy Indonesia Tbk.,2018-03-28,2032540000.0,Watchlist
JSMR,Jasa Marga (Persero) Tbk.,2007-11-12,7257871200.0,Main
JSPT,Jakarta Setiabudi Internasiona,1998-01-12,2318736000.0,Main
JTPE,Jasuindo Tiga Perkasa Tbk.,2002-04-16,6852050000.0,Main
KAEF,Kimia Farma (Persero) Tbk.,2001-07-04,5566589677.0,Development
KAQI,Jantra Grupo Indonesia Tbk.,2025-03-10,2075800000.0,Development
KARW,Meratus Jasa Prima Tbk.,1994-12-20,587152700.0,Watchlist
KAYU,Darmi Bersaudara Tbk.,2019-07-04,665000000.0,Watchlist
KBAG,Karya Bersama Anugerah Tbk.,2020-04-08,7150002603.0,Watchlist
KBLI,KMI Wire & Cable Tbk.,1992-07-06,4007235107.0,Main
KBLM,Kabelindo Murni Tbk.,1992-06-01,1120000000.0,Development
KBLV,First Media Tbk.,2000-02-25,1742167907.0,Development
KBRI,Kertas Basuki Rachmat Indonesi,2008-07-11,8687995734.0,Watchlist
KDSI,Kedawung Setia Industrial Tbk.,1996-07-29,1620000000.0,Development
KDTN,Puri Sentul Permai Tbk.,2022-11-09,1250023298.0,Development
KEEN,Kencana Energi Lestari Tbk.,2019-09-02,3666312500.0,Main
KEJU,Mulia Boga Raya Tbk.,2019-11-25,5624999999.0,Main
KETR,Ketrosden Triasmitra Tbk.,2021-01-11,2841262838.0,Development
KIAS,Keramika Indonesia Assosiasi T,1994-12-08,14929100000.0,Watchlist
KICI,Kedaung Indah Can Tbk,1993-10-28,276000000.0,Development
KIJA,Kawasan Industri Jababeka Tbk.,1995-01-10,20824888369.0,Main
KING,Hoffmen Cleanindo Tbk.,2023-02-16,2602852170.0,Acceleration
KINO,Kino Indonesia Tbk.,2015-12-11,1428571500.0,Development
KIOS,Kioson Komersial Indonesia Tbk,2017-10-05,1075862960.0,Development
KJEN,Krida Jaringan Nusantara Tbk.,2019-07-01,500000000.0,Development
KKES,Kusuma Kemindo Sentosa Tbk.,2022-08-08,1500000000.0,Watchlist
KKGI,Resource Alam Indonesia Tbk.,1991-07-01,5000000000.0,Main
KLAS,Pelayaran Kurnia Lautan Semest,2023-06-12,3644415975.0,Development
KLBF,Kalbe Farma Tbk.,1991-07-30,46813391540.0,Main
KLIN,Klinko Karya Imaji Tbk.,2022-08-09,1307530330.0,Acceleration
KMDS,Kurniamitra Duta Sentosa Tbk.,2020-09-07,800000000.0,Development
KMTR,Kirana Megatara Tbk.,2017-06-19,8215366379.0,Development
KOBX,Kobexindo Tractors Tbk.,2012-07-05,2272500000.0,Development
KOCI,Kokoh Exa Nusantara Tbk.,2023-10-07,4467447405.0,Development
KOIN,Kokoh Inti Arebama Tbk,2008-04-09,980843732.0,Watchlist
KOKA,Koka Indonesia Tbk.,2023-10-11,2861333000.0,Development
KONI,Perdana Bangun Pusaka Tbk,1995-08-22,312000000.0,Development
KOPI,Mitra Energi Persada Tbk.,2015-05-04,697266668.0,Development
KOTA,DMS Propertindo Tbk.,2019-07-09,10546185701.0,Main
KPIG,MNC Tourism Indonesia Tbk.,2000-03-30,107312842189.0,Main
KRAS,Krakatau Steel (Persero) Tbk.,2010-11-10,19346396900.0,Development
KREN,Quantum Clovera Investama Tbk.,2002-06-28,18208470100.0,Watchlist
KRYA,Bangun Karya Perkasa Jaya Tbk.,2022-07-25,1663943474.0,Development
KSIX,Kentanix Supra International T,2025-01-08,2137831800.0,Development
KUAS,Ace Oldfields Tbk.,2021-10-25,1292808150.0,Development
LABA,Green Power Group Tbk.,2021-06-10,1103402553.0,Development
LABS,UBC Medical Indonesia Tbk.,2024-07-10,3950000000.0,Development
LAJU,Jasa Berdikari Logistics Tbk.,2023-01-27,2149942974.0,Development
LAND,Trimitra Propertindo Tbk.,2018-08-23,2792620000.0,Development
LAPD,Leyand International Tbk.,2001-07-17,3966350139.0,Development
LCGP,Eureka Prima Jakarta Tbk.,2007-07-13,5630000914.0,Watchlist
LCKM,LCK Global Kedaton Tbk.,2018-01-16,1000000000.0,Development
LEAD,Logindo Samudramakmur Tbk.,2013-12-11,5799616328.0,Development
LFLO,Imago Mulia Persada Tbk.,2021-04-07,1307734937.0,Acceleration
LIFE,MSIG Life Insurance Indonesia,2019-07-09,2100000000.0,Development
LINK,Link Net Tbk.,2014-06-02,2863195484.0,Development
LION,Lion Metal Works Tbk.,1993-08-20,520160000.0,Development
LIVE,Homeco Victoria Makmur Tbk.,2024-02-12,4593005014.0,Development
LMAS,Limas Indonesia Makmur Tbk,2001-12-28,787851525.0,Watchlist
LMAX,Lupromax Pelumas Indonesia Tbk,2023-08-09,650008775.0,Acceleration
LMPI,Langgeng Makmur Industri Tbk.,1994-10-17,1008517669.0,Development
LMSH,Lionmesh Prima Tbk.,1990-06-04,96000000.0,Watchlist
LOPI,Logisticsplus International Tb,2023-10-11,1100011289.0,Acceleration
LPCK,Lippo Cikarang Tbk,1997-07-24,5134685692.0,Main
LPGI,Lippo General Insurance Tbk.,1997-07-22,3000000000.0,Development
LPIN,Multi Prima Sejahtera Tbk,1990-02-05,425000000.0,Development
LPKR,Lippo Karawaci Tbk.,1996-06-28,70898018369.0,Main
LPLI,Star Pacific Tbk,1989-10-23,1170432803.0,Development
LPPF,MDS Retailing Tbk.,1989-10-09,2227279280.0,Main
LPPS,Lenox Pasifik Investama Tbk.,1994-03-28,2588250000.0,Development
LRNA,Eka Sari Lorena Transport Tbk.,2014-04-15,350000022.0,Development
LSIP,PP London Sumatra Indonesia Tb,1996-07-05,6819963965.0,Main
LTLS,Lautan Luas Tbk.,1997-07-21,1560000000.0,Main
LUCK,Sentral Mitra Informatika Tbk.,2018-11-28,715749640.0,Development
LUCY,Lima Dua Lima Tiga Tbk.,2021-05-05,1514773893.0,Acceleration
MABA,Marga Abhinaya Abadi Tbk.,2017-06-22,15365229912.0,Watchlist
MAGP,Multi Agro Gemilang Plantation,2013-01-16,9000000004.0,Watchlist
MAHA,Mandiri Herindo Adiperkasa Tbk,2023-07-25,16666000000.0,Main
MAIN,Malindo Feedmill Tbk.,2006-02-10,2238750000.0,Main
MANG,Manggung Polahraya Tbk.,2024-01-11,3812605674.0,Acceleration
MAPA,Map Aktif Adiperkasa Tbk.,2018-07-05,28504000000.0,Main
MAPB,MAP Boga Adiperkasa Tbk.,2017-06-21,2387922900.0,Watchlist
MAPI,Mitra Adiperkasa Tbk.,2004-11-10,16600000000.0,Main
MARI,Mahaka Radio Integra Tbk.,2016-02-11,5252644000.0,Watchlist
MARK,Mark Dynamics Indonesia Tbk.,2017-07-12,3800000310.0,Main
MASB,Bank Multiarta Sentosa Tbk.,2021-06-30,1387737233.0,Main
MAXI,Maxindo Karya Anugerah Tbk.,2023-06-12,9610099981.0,Development
MAYA,Bank Mayapada Internasional Tb,1997-08-29,25906179152.0,Main
MBAP,Mitrabara Adiperdana Tbk.,2014-07-10,1227271952.0,Development
MBMA,Merdeka Battery Materials Tbk.,2023-04-18,107995419900.0,Main
MBSS,Mitrabahtera Segara Sejati Tbk,2011-04-06,1750026639.0,Main
MBTO,Martina Berto Tbk.,2011-01-13,1070000000.0,Development
MCAS,M Cash Integrasi Tbk.,2017-11-01,867933300.0,Development
MCOL,Prima Andalan Mandiri Tbk.,2021-09-07,3555560000.0,Main
MCOR,Bank China Construction Bank I,2007-07-03,37540533209.0,Main
MDIA,Intermedia Capital Tbk.,2014-04-11,39215538400.0,Watchlist
MDIY,Daya Intiguna Yasa Tbk.,2024-12-19,25190392000.0,Main
MDKA,Merdeka Copper Gold Tbk.,2015-06-19,24472983771.0,Main
MDKI,Emdeki Utama Tbk.,2017-09-25,2530150002.0,Development
MDLA,Medela Potentia Tbk.,2025-04-15,14012825000.0,Main
MDLN,Modernland Realty Tbk.,1993-01-18,12533067322.0,Development
MDRN,Modern Internasional Tbk.,1991-07-16,7632167798.0,Watchlist
MEDC,Medco Energi Internasional Tbk,1994-10-12,25136231252.0,Main
MEDS,Hetzer Medical Indonesia Tbk.,2022-08-10,1562500000.0,Development
MEGA,Bank Mega Tbk.,2000-04-17,23247028262.0,Main
MEJA,Harta Djaya Karya Tbk.,2024-02-12,2608081058.0,Acceleration
MENN,Menn Teknologi Indonesia Tbk.,2023-04-18,1434052006.0,Watchlist
MERI,Merry Riana Edukasi Tbk.,2025-07-10,1035132500.0,Development
MERK,Merck Tbk.,1981-07-23,448000000.0,Main
META,Nusantara Infrastructure Tbk.,2001-07-18,17710708194.0,Development
MFMI,Multifiling Mitra Indonesia Tb,2010-12-29,757581000.0,Watchlist
MGLV,NexAI Digital Infrastruktur Tb,2021-06-08,1904883411.0,Acceleration
MGNA,Magna Investama Mandiri Tbk.,2014-07-08,3411123385.0,Development
MGRO,Mahkota Group Tbk.,2018-07-12,3554445700.0,Development
MHKI,Multi Hanna Kreasindo Tbk.,2024-04-16,3750000000.0,Development
MICE,Multi Indocitra Tbk.,2005-12-21,600000000.0,Development
MIDI,Midi Utama Indonesia Tbk.,2010-11-30,33435294800.0,Main
MIKA,Mitra Keluarga Karyasehat Tbk.,2015-03-24,13907481500.0,Main
MINA,Sanurhasta Mitra Tbk.,2017-04-28,9843750000.0,Development
MINE,Sinar Terang Mandiri Tbk.,2025-03-10,4084435300.0,Development
MIRA,Mitra International Resources,1997-01-30,3961452039.0,Watchlist
MITI,Mitra Investindo Tbk.,1997-07-16,3750526603.0,Development
MKAP,Multikarya Asia Pasifik Raya T,2024-02-12,3250000000.0,Development
MKNT,Mitra Komunikasi Nusantara Tbk,2015-10-26,5500000000.0,Watchlist
MKPI,Metropolitan Kentjana Tbk.,2009-07-10,948194000.0,Development
MKTR,Menthobi Karyatama Raya Tbk.,2022-11-08,12060428584.0,Main
MLBI,Multi Bintang Indonesia Tbk.,1981-12-15,2107000000.0,Main
MLIA,Mulia Industrindo Tbk,1994-01-17,6615000000.0,Watchlist
MLPL,Multipolar Tbk.,1989-11-06,15682323987.0,Main
MLPT,Multipolar Technology Tbk.,2013-07-08,46875000000.0,Development
MMIX,Multi Medika Internasional Tbk,2022-12-06,4800425380.0,Development
MMLP,Mega Manunggal Property Tbk.,2015-06-12,6889134608.0,Development
MNCN,Media Nusantara Citra Tbk.,2007-06-22,15049787710.0,Main
MOLI,Madusari Murni Indah Tbk.,2018-08-30,2724036581.0,Development
MORA,Ekamas Mora Republik Tbk.,2022-08-08,47774192736.0,Main
MPIX,Mitra Pedagang Indonesia Tbk.,2024-02-07,1562574308.0,Development
MPMX,Mitra Pinasthika Mustika Tbk.,2013-05-29,4386963276.0,Main
MPOW,Megapower Makmur Tbk.,2017-07-05,816997053.0,Development
MPPA,Matahari Putra Prima Tbk.,1992-12-21,33828872408.0,Watchlist
MPRO,Maha Properti Indonesia Tbk.,2018-10-09,9942500000.0,Development
MPXL,MPX Logistics International Tb,2023-05-09,2000014587.0,Development
MRAT,Mustika Ratu Tbk.,1995-07-27,428000000.0,Development
MREI,Maskapai Reasuransi Indonesia,1989-09-04,517791681.0,Development
MSIE,Multisarana Intan Eduka Tbk.,2023-08-10,1460007754.0,Acceleration
MSIN,MNC Digital Entertainment Tbk.,2018-06-08,60676178205.0,Main
MSJA,Multi Spunindo Jaya Tbk.,2024-01-10,5882352900.0,Development
MSKY,MNC Sky Vision Tbk.,2012-07-09,1994370480.0,Development
MSTI,Mastersystem Infotama Tbk.,2023-11-08,3139416200.0,Main
MTDL,Metrodata Electronics Tbk.,1990-04-09,12276884585.0,Main
MTEL,Dayamitra Telekomunikasi Tbk.,2021-11-22,83559677444.0,Main
MTFN,Capitalinc Investment Tbk.,1990-04-16,31842082852.0,Watchlist
MTLA,Metropolitan Land Tbk.,2011-06-20,7655126330.0,Main
MTMH,Murni Sadar Tbk.,2022-04-20,2068526950.0,Main
MTPS,Meta Epsi Tbk.,2019-04-10,2084850829.0,Watchlist
MTRA,Mitra Pemuda Tbk.,2016-02-10,770000000.0,Watchlist
MTSM,Metro Realty Tbk.,1992-01-08,232848000.0,Watchlist
MTWI,Malacca Trust Wuwungan Insuran,2017-10-12,2924486639.0,Development
MUTU,Mutuagung Lestari Tbk.,2023-08-09,3452228885.0,Development
MYOH,Samindo Resources Tbk.,2000-07-27,2206312500.0,Development
MYOR,Mayora Indah Tbk.,1990-07-04,22358699725.0,Main
MYTX,Asia Pacific Investama Tbk.,1989-10-10,7747281949.0,Watchlist
NAIK,Adiwarna Anugerah Abadi Tbk.,2024-11-13,3329422047.0,Development
NANO,Nanotech Indonesia Global Tbk.,2022-03-10,4285440269.0,Acceleration
NASA,Andalan Perkasa Abadi Tbk.,2017-08-07,11004929322.0,Watchlist
NASI,Wahana Inti Makmur Tbk.,2021-12-13,807400000.0,Development
NATO,Olympus Strategic Indonesia Tb,2019-01-18,8001111504.0,Development
NAYZ,Hassana Boga Sejahtera Tbk.,2023-02-06,2550011472.0,Acceleration
NCKL,Trimegah Bangun Persada Tbk.,2023-04-12,63098600000.0,Development
NELY,Pelayaran Nelly Dwi Putri Tbk.,2012-10-11,2350000000.0,Development
NEST,Esta Indonesia Tbk.,2024-08-08,4112500000.0,Development
NETV,MDTV Media Technologies Tbk.,2022-01-26,41360517722.0,Development
NFCX,NFC Indonesia Tbk.,2018-07-12,666667500.0,Development
NICE,Adhi Kartiko Pratama Tbk.,2024-01-09,6082020000.0,Development
NICK,Charnic Capital Tbk.,2018-05-02,651150000.0,Development
NICL,PAM Mineral Tbk.,2021-07-09,10635644907.0,Development
NIKL,Pelat Timah Nusantara Tbk.,2009-12-14,2523350000.0,Development
NINE,Techno9 Indonesia Tbk.,2022-12-05,2157000000.0,Acceleration
NIRO,City Retail Developments Tbk.,2012-09-13,22198871804.0,Development
NISP,Bank OCBC NISP Tbk.,1994-10-20,22715776032.0,Main
NOBU,Bank Nationalnobu Tbk.,2013-05-20,7403659460.0,Main
NPGF,Nusa Palapa Gemilang Tbk.,2021-04-14,3240235840.0,Development
NRCA,Nusa Raya Cipta Tbk.,2013-06-27,2496258344.0,Development
NSSS,Nusantara Sawit Sejahtera Tbk.,2023-03-10,23801568645.0,Development
NTBK,Nusatama Berkah Tbk.,2022-02-09,2700064877.0,Development
NUSA,Sinergi Megah Internusa Tbk.,2018-07-12,7700000148.0,Watchlist
NZIA,Nusantara Almazia Tbk.,2019-09-25,2197540705.0,Development
OASA,Maharaksa Biru Energi Tbk.,2016-07-18,6347220000.0,Development
OBAT,Brigit Biofarmaka Teknologi Tb,2025-01-13,680376575.0,Development
OBMD,OBM Drilchem Tbk.,2021-12-08,805992931.0,Development
OCAP,Onix Capital Tbk.,2003-10-10,273200000.0,Watchlist
OILS,Indo Oil Perkasa Tbk.,2021-09-06,454056563.0,Development
OKAS,Ancora Indonesia Resources Tbk,2006-03-29,2373449165.0,Development
OLIV,Atlas Nexus Group Tbk.,2022-05-17,1900073314.0,Acceleration
OMED,Jayamas Medica Industri Tbk.,2022-11-08,27058850000.0,Main
OMRE,Indonesia Prima Property Tbk,1994-08-22,2945211000.0,Development
OPMS,Optima Prima Metal Sinergi Tbk,2019-09-23,1000000000.0,Development
PACK,Abadi Nusantara Hijau Investam,2023-02-08,34100064675.0,Acceleration
PADA,Personel Alih Daya Tbk.,2022-12-08,3150000000.0,Development
PADI,Minna Padi Investama Sekuritas,2012-01-09,13568695829.0,Main
PALM,Provident Investasi Bersama Tb,2012-10-08,15732874458.0,Main
PAMG,Bima Sakti Pertiwi Tbk.,2019-07-05,3125000000.0,Development
PANI,Pantai Indah Kapuk Dua Tbk.,2018-09-18,18189502198.0,Main
PANR,Panorama Sentrawisata Tbk.,2001-09-18,1387500000.0,Development
PANS,Panin Sekuritas Tbk.,2000-05-31,720000000.0,Main
PART,Cipta Perdana Lancar Tbk.,2024-07-05,2850594054.0,Development
PBID,Panca Budi Idaman Tbk.,2017-12-13,7500000000.0,Main
PBRX,Pan Brothers Tbk.,1990-08-16,21482028246.0,Watchlist
PBSA,Paramita Bangun Sarana Tbk.,2016-09-28,3000000000.0,Development
PCAR,Prima Cakrawala Abadi Tbk.,2017-12-29,1166666700.0,Watchlist
PDES,Destinasi Tirta Nusantara Tbk,2008-07-08,715000000.0,Development
PDPP,Primadaya Plastisindo Tbk.,2022-11-09,3061341438.0,Development
PEGE,Panca Global Kapital Tbk.,2005-06-24,3777889408.0,Development
PEHA,Phapros Tbk.,2018-12-26,840000000.0,Development
PEVE,Penta Valent Tbk.,2023-01-24,1765625000.0,Development
PGAS,Perusahaan Gas Negara (Persero,2003-12-15,24241508196.0,Main
PGEO,Pertamina Geothermal Energy Tb,2023-02-24,41899535623.0,Main
PGJO,Bahtera Bumi Raya Tbk.,2020-01-08,795859095.0,Watchlist
PGLI,Pembangunan Graha Lestari Inda,2000-04-05,488000000.0,Development
PGUN,Pradiksi Gunatama Tbk.,2020-07-07,5737848882.0,Development
PICO,Pelangi Indah Canindo Tbk,1996-09-23,568375000.0,Development
PIPA,Oxala Energy International Tbk,2023-04-10,3426097190.0,Development
PJAA,Pembangunan Jaya Ancol Tbk.,2004-07-02,1599999996.0,Development
PJHB,Pelayaran Jaya Hidup Baru Tbk.,2025-11-06,1920809341.0,Development
PKPK,Paragon Karya Perkasa Tbk.,2007-07-11,1200000000.0,Development
PLAN,Planet Properindo Jaya Tbk.,2020-09-15,896709596.0,Acceleration
PLAS,Polaris Investama Tbk,2001-03-16,1184200000.0,Watchlist
PLIN,Plaza Indonesia Realty Tbk.,1992-06-15,3550000000.0,Watchlist
PMJS,Putra Mandiri Jembar Tbk.,2019-12-18,13755600000.0,Development
PMMP,Panca Mitra Multiperdana Tbk.,2020-12-18,2588300000.0,Watchlist
PMUI,Prima Multi Usaha Indonesia Tb,2025-07-10,5800000000.0,Development
PNBN,Bank Pan Indonesia Tbk,1982-12-29,23837645998.0,Main
PNBS,Bank Panin Dubai Syariah Tbk.,2014-01-15,38425504906.0,Development
PNGO,AEP Pinago Plantations Tbk.,2020-08-31,781250000.0,Watchlist
PNIN,Paninvest Tbk.,1983-09-20,4068323920.0,Main
PNLF,Panin Financial Tbk.,1983-06-14,32022073293.0,Main
PNSE,Pudjiadi & Sons Tbk.,1990-05-01,797813496.0,Development
POLA,Pool Advista Finance Tbk.,2018-11-16,3351075600.0,Development
POLI,Pollux Hotels Group Tbk.,2019-01-10,2010526400.0,Development
POLL,Pollux Properties Indonesia Tb,2018-07-11,8318823600.0,Watchlist
POLU,Golden Flower Tbk.,2019-06-26,750000000.0,Development
POLY,Asia Pacific Fibers Tbk,1991-03-12,2495753334.0,Watchlist
POOL,Pool Advista Indonesia Tbk.,1991-05-20,2341366264.0,Watchlist
PORT,Nusantara Pelabuhan Handal Tbk,2017-03-16,2813941985.0,Main
POSA,Bliss Properti Indonesia Tbk.,2019-05-10,8388870206.0,Watchlist
POWR,Cikarang Listrindo Tbk.,2016-06-14,16087156000.0,Main
PPGL,Prima Globalindo Logistik Tbk.,2020-07-20,771178020.0,Acceleration
PPRE,PP Presisi Tbk.,2017-11-24,10224271000.0,Development
PPRI,Paperocks Indonesia Tbk.,2023-08-08,1075027288.0,Development
PPRO,PP Properti Tbk.,2015-05-19,61675671883.0,Watchlist
PRAY,Famon Awal Bros Sedaya Tbk.,2022-11-08,13959422300.0,Main
PRDA,Prodia Widyahusada Tbk.,2016-12-07,937500000.0,Main
PRDL,Prodia Diagnostic Line Tbk.,2026-07-09,1742900000.0,Development
PRIM,Royal Prima Tbk.,2018-05-15,3393434905.0,Development
PSAB,J Resources Asia Pasifik Tbk.,2003-04-22,26460000000.0,Development
PSAT,Pancaran Samudera Transport Tb,2025-07-08,1482353000.0,Development
PSDN,Prasidha Aneka Niaga Tbk,1994-10-18,1440000000.0,Development
PSGO,Palma Serasih Tbk.,2019-11-25,18850000000.0,Main
PSKT,Red Planet Indonesia Tbk.,1995-09-19,10351231636.0,Development
PSSI,IMC Pelita Logistik Tbk.,2017-12-05,5417063153.0,Main
PTBA,Bukit Asam (Persero) Tbk.,2002-12-23,11520659250.0,Main
PTDU,Djasa Ubersakti Tbk.,2020-12-08,1500000000.0,Watchlist
PTIS,Indo Straits Tbk.,2011-07-12,550165300.0,Development
PTMP,Mitra Pack Tbk.,2023-03-06,3169200000.0,Development
PTMR,Master Print Tbk.,2024-10-08,1907000000.0,Watchlist
PTPP,PP (Persero) Tbk.,2010-02-09,6199897354.0,Main
PTPS,Pulau Subur Tbk.,2023-10-09,2167514856.0,Development
PTPW,Pratama Widya Tbk.,2020-02-07,878187500.0,Development
PTRO,Petrosea Tbk.,1990-05-21,10086050000.0,Main
PTSN,Sat Nusapersada Tbk,2007-11-08,5314344000.0,Development
PTSP,Pioneerindo Gourmet Internatio,1994-05-30,220808000.0,Development
PUDP,Pudjiadi Prestige Tbk.,1994-11-18,659120000.0,Development
PURA,Putra Rajawali Kencana Tbk.,2020-01-29,6301930902.0,Watchlist
PURE,Trinitan Metals and Minerals T,2019-10-09,1375181505.0,Watchlist
PURI,Puri Global Sukses Tbk.,2020-09-08,1000000000.0,Development
PWON,Pakuwon Jati Tbk.,1989-10-09,48159602400.0,Main
PYFA,Pyridam Farma Tbk,2001-10-16,11236750657.0,Development
PZZA,Sarimelati Kencana Tbk.,2018-05-23,3021875000.0,Development
RAAM,Tripar Multivision Plus Tbk.,2023-05-08,6813620000.0,Main
RAFI,Sari Kreasi Boga Tbk.,2022-08-05,3128140475.0,Watchlist
RAJA,Rukun Raharja Tbk.,2006-04-19,21135412500.0,Main
RALS,Ramayana Lestari Sentosa Tbk.,1996-07-24,7096000000.0,Main
RANC,Supra Boga Lestari Tbk.,2012-06-07,1564487500.0,Development
RANS,Rans Entertainmen Indonesia Tb,2026-07-10,12609250000.0,Development
RATU,Raharja Energi Cepu Tbk.,2025-01-08,2715053800.0,Development
RBMS,Ristia Bintang Mahkotasejati T,1997-12-19,2656212826.0,Development
RCCC,Utama Radar Cahaya Tbk.,2022-08-02,787500000.0,Acceleration
RDTX,Roda Vivatex Tbk,1990-05-14,268800000.0,Development
REAL,Repower Asia Indonesia Tbk.,2019-12-06,6633610151.0,Development
RELF,Graha Mitra Asia Tbk.,2023-06-22,5727832195.0,Acceleration
RELI,Reliance Sekuritas Indonesia T,2005-07-13,1800000000.0,Development
RGAS,Kian Santang Muliatama Tbk.,2023-11-08,1459234110.0,Development
RICY,Ricky Putra Globalindo Tbk,1998-01-22,641717510.0,Development
RIGS,Rig Tenders Indonesia Tbk.,1990-03-05,609130000.0,Development
RIMO,Rimo International Lestari Tbk,2000-11-10,45080600000.0,Watchlist
RISE,Jaya Sukses Makmur Sentosa Tbk,2018-07-09,16198599990.0,Development
RLCO,Abadi Lestari Indonesia Tbk.,2025-12-08,3125000000.0,Development
RMKE,RMK Energy Tbk.,2021-12-07,21875000000.0,Main
RMKO,Royaltama Mulia Kontraktorindo,2023-07-31,1576720595.0,Development
ROCK,Rockfields Properti Indonesia,2020-09-10,1435185100.0,Development
RODA,Pikko Land Development Tbk.,2001-10-22,13592128209.0,Development
RONY,Aracord Nusantara Group Tbk.,2020-04-09,1250000000.0,Development
ROTI,Nippon Indosari Corpindo Tbk.,2010-06-28,6186488888.0,Development
RSCH,Charlie Hospital Semarang Tbk.,2023-08-28,2650000000.0,Development
RSGK,Kedoya Adyaraya Tbk.,2021-09-08,929675000.0,Development
RUIS,Radiant Utama Interinsco Tbk.,2006-07-12,770000000.0,Development
RUNS,Global Sukses Solusi Tbk.,2021-09-08,983557875.0,Acceleration
SAFE,Steady Safe Tbk,1994-08-15,821207512.0,Development
SAGE,Saptausaha Gemilangindah Tbk.,2023-03-08,8033527260.0,Watchlist
SAME,Sarana Meditama Metropolitan T,2013-01-11,17164632545.0,Main
SAMF,Saraswanti Anugerah Makmur Tbk,2020-03-31,10250000000.0,Main
SAPX,Satria Antaran Prima Tbk.,2018-10-03,833333300.0,Development
SATU,Kota Satu Properti Tbk.,2018-11-05,1375000000.0,Development
SBAT,Sejahtera Bintang Abadi Textil,2020-04-08,4752982378.0,Watchlist
SBMA,Surya Biru Murni Acetylene Tbk,2021-09-08,929926282.0,Development
SCCO,Supreme Cable Manufacturing &,1982-07-20,822333600.0,Development
SCMA,Surya Citra Media Tbk.,2002-07-16,63564703280.0,Main
SCNP,Selaras Citra Nusantara Perkas,2020-09-07,2500000000.0,Development
SCPI,Organon Pharma Indonesia Tbk.,1990-06-08,3600000.0,Watchlist
SDMU,Sidomulyo Selaras Tbk.,2011-07-12,2250691100.0,Development
SDPC,Millennium Pharmacon Internati,1990-05-07,1274000000.0,Development
SDRA,Bank Woori Saudara Indonesia 1,2006-12-15,14545267990.0,Development
SEMA,Semacom Integrated Tbk.,2022-01-10,1347258842.0,Development
SFAN,Surya Fajar Capital Tbk.,2019-06-19,1359934021.0,Development
SGER,Sumber Global Energy Tbk.,2020-08-10,15586909438.0,Main
SGRO,Prime Agri Resources Tbk.,2007-06-18,1818622000.0,Main
SHID,Hotel Sahid Jaya International,1990-05-08,1119326168.0,Development
SHIP,Sillo Maritime Perdana Tbk.,2016-06-16,2719790000.0,Main
SICO,Sigma Energy Compressindo Tbk.,2022-04-08,910077764.0,Development
SIDO,Industri Jamu dan Farmasi Sido,2013-12-18,30000000000.0,Main
SILO,Siloam International Hospitals,2013-09-12,13006125000.0,Main
SIMA,Siwani Makmur Tbk,1994-06-03,442589871.0,Watchlist
SIMP,Salim Ivomas Pratama Tbk.,2011-06-09,15501310000.0,Main
SINI,Singaraja Putra Tbk.,2019-11-08,1202500000.0,Watchlist
SIPD,Sreeya Sewu Indonesia Tbk.,1996-12-27,1839102056.0,Development
SKBM,Sekar Bumi Tbk.,2012-09-28,1730103217.0,Development
SKLT,Sekar Laut Tbk.,1993-09-08,6907405000.0,Development
SKRN,Superkrane Mitra Utama Tbk.,2018-10-11,7500000000.0,Main
SKYB,Northcliff Citranusa Indonesia,2010-07-07,585000000.0,Watchlist
SLIS,Gaya Abadi Sempurna Tbk.,2019-10-07,2463367996.0,Development
SMAR,Sinar Mas Agro Resources and T,1992-11-20,2872193366.0,Main
SMBR,Semen Baturaja (Persero) Tbk.,2013-06-28,9932534336.0,Main
SMCB,Solusi Bangun Indonesia Tbk.,1977-08-10,9019381973.0,Watchlist
SMDM,Suryamas Dutamakmur Tbk.,1995-10-12,4772138237.0,Development
SMDR,Samudera Indonesia  Tbk.,1999-07-05,16375600000.0,Main
SMGA,Sumber Mineral Global Abadi Tb,2024-01-30,8750000000.0,Development
SMGR,Semen Indonesia (Persero) Tbk.,1991-07-08,6751540089.0,Main
SMIL,Sarana Mitra Luas Tbk.,2023-05-12,8751668239.0,Main
SMKL,Satyamitra Kemas Lestari Tbk.,2019-07-11,3418085290.0,Development
SMKM,Sumber Mas Konstruksi Tbk.,2022-03-09,1253000000.0,Acceleration
SMLE,Sinergi Multi Lestarindo Tbk.,2024-01-10,2328153048.0,Development
SMMA,Sinarmas Multiartha Tbk.,1995-07-05,6367664717.0,Development
SMMT,Golden Eagle Energy Tbk.,1997-12-01,3425000000.0,Development
SMRA,Summarecon Agung Tbk.,1990-05-07,16508568358.0,Main
SMRU,SMR Utama Tbk.,2011-10-10,12499385782.0,Watchlist
SMSM,Selamat Sempurna Tbk.,1996-09-09,5758675440.0,Main
SNLK,Sunter Lakeside Hotel Tbk.,2021-03-29,450000000.0,Development
SOCI,Soechi Lines Tbk.,2014-12-03,7059000000.0,Development
SOFA,Solusi Environment Asia Tbk.,2020-07-07,1653574499.0,Acceleration
SOHO,Soho Global Health Tbk.,2020-09-08,12691682390.0,Development
SOLA,Xolare RCR Energy Tbk.,2024-05-08,3287375000.0,Development
SONA,Sona Topas Tourism Industry Tb,1992-07-21,662400000.0,Watchlist
SOSS,ALSOK Indonesia Services Tbk.,2018-11-06,974525743.0,Watchlist
SOTS,Satria Mega Kencana Tbk.,2018-12-10,1000003979.0,Development
SOUL,Mitra Tirta Buwana Tbk.,2023-01-06,1082526223.0,Acceleration
SPMA,Suparma Tbk.,1994-11-16,5330410085.0,Development
SPRE,Soraya Berjaya Indonesia Tbk.,2024-07-03,800000000.0,Acceleration
SPTO,Surya Pertiwi Tbk.,2018-05-14,2700000000.0,Main
SQMI,Wilton Makmur Indonesia Tbk.,2004-07-15,15537591429.0,Development
SRAJ,Sejahteraraya Anugrahjaya Tbk.,2011-04-11,12238959990.0,Development
SRIL,Sri Rejeki Isman Tbk.,2013-06-17,20452176844.0,Watchlist
SRSN,Indo Acidatama Tbk,1993-01-11,6020000000.0,Development
SRTG,Saratoga Investama Sedaya Tbk.,2013-06-26,13564835000.0,Main
SSIA,Surya Semesta Internusa Tbk.,1997-03-27,4705249440.0,Main
SSMS,Sawit Sumbermas Sarana Tbk.,2013-12-12,9525000000.0,Main
SSTM,Sunson Textile Manufacture Tbk,1997-08-20,1170909181.0,Development
STAA,Sumber Tani Agung Resources Tb,2022-03-10,10903372600.0,Main
STAR,Calculus Global Ventures Tbk.,2011-07-13,4800000602.0,Development
STRK,Lovina Beach Brewery Tbk.,2023-10-10,10721835562.0,Development
STTP,Siantar Top Tbk.,1996-12-16,1310000000.0,Development
SUGI,Sugih Energy Tbk.,2002-06-19,24811541414.0,Watchlist
SULI,SLJ Global Tbk.,1994-03-21,6320776836.0,Development
SUNI,Sunindo Pratama Tbk.,2023-01-09,2500000000.0,Main
SUPA,Super Bank Indonesia Tbk.,2025-12-17,33558047450.0,Development
SUPR,Solusi Tunas Pratama Tbk.,2011-10-11,1137579698.0,Watchlist
SURE,Super Energy Tbk.,2018-10-05,1497576771.0,Development
SURI,Maja Agung Latexindo Tbk.,2023-12-07,6334375000.0,Development
SWAT,Sriwahana Adityakarta Tbk.,2018-06-08,3019200000.0,Watchlist
SWID,Saraswanti Indoland Developmen,2022-07-07,5385019201.0,Development
TALF,Tunas Alfin Tbk.,2014-01-17,1353435000.0,Development
TAMA,Lancartama Sejati Tbk.,2020-02-10,1200000696.0,Development
TAMU,Pelayaran Tamarin Samudra Tbk.,2017-05-10,37500000000.0,Watchlist
TAPG,Triputra Agro Persada Tbk.,2021-04-12,19852540000.0,Main
TARA,Agung Semesta Sejahtera Tbk.,2014-07-11,10069645750.0,Watchlist
TAXI,Express Transindo Utama Tbk.,2012-11-02,10223647156.0,Watchlist
TAYS,Jaya Swarasa Agung Tbk.,2021-12-06,1098920000.0,Development
TBIG,Tower Bersama Infrastructure T,2010-10-26,22656999445.0,Main
TBLA,Tunas Baru Lampung Tbk.,2000-02-14,6025373372.0,Main
TBMS,Tembaga Mulia Semanan Tbk.,1990-05-23,734680000.0,Development
TCID,Mandom Indonesia Tbk.,1993-09-30,402133334.0,Development
TCPI,Transcoal Pacific Tbk.,2018-07-06,5000000000.0,Development
TDPM,Tianrong Chemicals Industry Tb,2018-04-09,10485050500.0,Watchlist
TEBE,Dana Brata Luhur Tbk.,2019-11-18,1285000000.0,Main
TECH,Indosterling Technomedia Tbk.,2020-06-04,1256300000.0,Watchlist
TELE,Omni Inovasi Indonesia Tbk.,2012-01-12,7310929389.0,Watchlist
TFAS,Telefast Indonesia Tbk.,2019-09-17,1666666500.0,Development
TFCO,Tifico Fiber Indonesia Tbk.,1980-02-26,4823076400.0,Watchlist
TGKA,Tigaraksa Satria Tbk.,1990-06-11,918492750.0,Development
TGRA,Terregra Asia Energy Tbk.,2017-05-16,2750000000.0,Watchlist
TGUK,Platinum Wahab Nusantara Tbk.,2023-07-10,3571451815.0,Watchlist
TIFA,KDB Tifa Finance Tbk.,2011-07-08,3552213000.0,Development
TINS,TIMAH (Persero) Tbk.,1995-10-19,7447753454.0,Main
TIRA,Tira Austenite Tbk,1993-07-27,588000000.0,Development
TIRT,Tirta Mahakam Resources Tbk,1999-12-13,1011774750.0,Watchlist
TKIM,Pabrik Kertas Tjiwi Kimia Tbk.,1990-04-03,3113223570.0,Main
TLDN,Teladan Prima Agro Tbk.,2022-04-12,12946530200.0,Main
TLKM,Telkom Indonesia (Persero) Tbk,1995-11-14,99062216600.0,Main
TMAS,Temas Tbk.,2003-07-09,57051500000.0,Main
TMPO,Tempo Intimedia Tbk.,2001-01-08,1058333250.0,Development
TNCA,Trimuda Nuansa Citra Tbk.,2018-06-28,421640000.0,Development
TOBA,TBS Energi Utama Tbk.,2012-07-06,8319512975.0,Main
TOOL,Rohartindo Nusantara Luas Tbk.,2022-08-09,2050020320.0,Development
TOPS,Totalindo Eka Persada Tbk.,2017-06-16,33330000000.0,Watchlist
TOSK,Topindo Solusi Komunika Tbk.,2024-02-07,4375277300.0,Development
TOTL,Total Bangun Persada Tbk.,2006-07-25,3410000000.0,Main
TOTO,Surya Toto Indonesia Tbk.,1990-10-30,10320000000.0,Main
TOWR,Sarana Menara Nusantara Tbk.,2010-03-08,59098103731.0,Main
TOYS,Sunindo Adipersada Tbk.,2020-08-06,1435000712.0,Watchlist
TPIA,Chandra Asri Pacific Tbk.,2008-05-26,86511545092.0,Main
TPMA,Trans Power Marine Tbk.,2013-02-20,3507420034.0,Main
TRAM,Trada Alam Minera Tbk.,2008-09-10,49643627934.0,Watchlist
TRGU,Cerestar Indonesia Tbk.,2022-07-08,7945412700.0,Main
TRIL,Triwira Insanlestari Tbk.,2008-01-28,1200000000.0,Watchlist
TRIM,Trimegah Sekuritas Indonesia T,2000-01-31,7109300000.0,Main
TRIN,Perintis Triniti Properti Tbk.,2020-01-15,4551457789.0,Development
TRIO,Trikomsel Oke Tbk.,2009-04-14,26007494645.0,Watchlist
TRIS,Trisula International Tbk.,2012-06-28,3141443831.0,Development
TRJA,Transkon Jaya Tbk.,2020-08-27,1510200000.0,Development
TRON,Teknologi Karya Digital Nusa T,2023-03-08,2951328448.0,Development
TRST,Trias Sentosa Tbk.,1990-07-02,2808000000.0,Development
TRUE,Triniti Dinamik Tbk.,2021-06-10,7571107860.0,Development
TRUK,Guna Timur Raya Tbk.,2018-05-23,435000000.0,Development
TRUS,Trust Finance Indonesia Tbk,2002-11-28,800000000.0,Development
TSPC,Tempo Scan Pacific Tbk.,1994-06-17,4509864300.0,Main
TUGU,Asuransi Tugu Pratama Indonesi,2018-05-28,3555575600.0,Main
TYRE,King Tire Indonesia Tbk.,2023-05-08,3480581727.0,Development
UANG,Pakuan Tbk.,2020-07-06,1210000000.0,Development
UCID,Uni-Charm Indonesia Tbk.,2019-12-20,4156572300.0,Main
UDNG,Agro Bahari Nusantara Tbk.,2023-10-31,1750040072.0,Acceleration
UFOE,Damai Sejahtera Abadi Tbk.,2021-02-01,2898261693.0,Development
ULTJ,Ultrajaya Milk Industry & Trad,1990-07-02,10398175200.0,Main
UNIC,Unggul Indah Cahaya Tbk.,1989-11-06,383331363.0,Main
UNIQ,Ulima Nitra Tbk.,2021-03-08,3138983000.0,Development
UNIT,Nusantara Inti Corpora Tbk,2002-04-18,75422200.0,Development
UNSP,Bakrie Sumatera Plantations Tb,1990-03-06,17005275078.0,Watchlist
UNTD,Terang Dunia Internusa Tbk.,2024-02-07,6666666700.0,Development
UNTR,United Tractors Tbk.,1989-09-19,3730135136.0,Main
UNVR,Unilever Indonesia Tbk.,1982-01-11,38150000000.0,Main
URBN,Urban Jakarta Propertindo Tbk.,2018-12-10,3232122640.0,Watchlist
UVCR,Trimegah Karya Pratama Tbk.,2021-07-27,2000144838.0,Development
VAST,Vastland Indonesia Tbk.,2023-02-08,3055737049.0,Development
VERN,Verona Indah Pictures Tbk.,2024-10-08,4765648183.0,Development
VICI,Victoria Care Indonesia Tbk.,2020-12-17,6708000000.0,Main
VICO,Victoria Investama Tbk.,2013-07-08,15217075658.0,Main
VINS,Victoria Insurance Tbk.,2015-09-28,1553430759.0,Development
VISI,Satu Visi Putra Tbk.,2024-02-27,3075000000.0,Development
VIVA,Visi Media Asia Tbk.,2011-11-21,16464270400.0,Watchlist
VKTR,VKTR Teknologi Mobilitas Tbk.,2023-06-19,43750000000.0,Development
VOKS,Voksel Electric Tbk.,1990-12-20,4155602595.0,Development
VRNA,Mizuho Leasing Indonesia Tbk.,2008-06-25,5687353997.0,Development
VTNY,Venteny Fortuna International,2022-12-15,6265193445.0,Development
WAPO,Wahana Pronatural Tbk.,2001-06-22,1240923111.0,Development
WBSA,BSA Logistics Indonesia Tbk.,2026-04-10,8675000000.0,Development
WEGE,Wijaya Karya Bangunan Gedung T,2017-11-30,9572000000.0,Development
WEHA,WEHA Transportasi Indonesia Tb,2007-05-31,1460554819.0,Development
WGSH,Wira Global Solusi Tbk.,2021-12-06,2085000000.0,Acceleration
WICO,Wicaksana Overseas Internation,1994-08-08,2393710348.0,Watchlist
WIDI,Widiant Jaya Krenindo Tbk.,2023-07-10,1600031683.0,Acceleration
WIFI,Solusi Sinergi Digital Tbk.,2020-12-30,5308549015.0,Development
WIIM,Wismilak Inti Makmur Tbk.,2012-12-18,2099873760.0,Main
WIKA,Wijaya Karya (Persero) Tbk.,2007-10-29,39873063858.0,Watchlist
WINE,Hatten Bali Tbk.,2023-01-10,2710000000.0,Development
WINR,Winner Nusantara Jaya Tbk.,2022-04-25,5235316030.0,Watchlist
WINS,Wintermar Offshore Marine Tbk.,2010-11-29,4523065893.0,Main
WIRG,WIR ASIA Tbk.,2022-04-04,11938622394.0,Development
WMPP,Widodo Makmur Perkasa Tbk.,2021-12-06,29419000000.0,Watchlist
WMUU,Widodo Makmur Unggas Tbk.,2021-02-02,12941176500.0,Development
WOMF,Wahana Ottomitra Multiartha Tb,2004-12-13,3481481480.0,Development
WOOD,Integra Indocabinet Tbk.,2017-06-21,6437500000.0,Main
WOWS,Ginting Jaya Energi Tbk.,2019-11-08,2475720000.0,Development
WSBP,Waskita Beton Precast Tbk.,2016-09-20,56959163746.0,Watchlist
WSKT,Waskita Karya (Persero) Tbk.,2012-12-19,28806807016.0,Watchlist
WTON,Wijaya Karya Beton Tbk.,2014-04-08,8715466600.0,Main
YELO,Yelooo Integra Datanet Tbk.,2018-10-29,1912774405.0,Development
YOII,Asuransi Digital Bersama Tbk.,2025-01-08,3926983181.0,Development
YPAS,Yanaprima Hastapersada Tbk,2008-03-05,668000089.0,Development
YULE,Yulie Sekuritas Indonesia Tbk.,2004-12-10,1785000000.0,Development
YUPI,Yupi Indo Jelly Gum Tbk.,2025-03-25,8544488700.0,Main
ZATA,Bersama Zatta Jaya Tbk.,2022-11-10,8496000000.0,Development
ZBRA,Dosni Roha Indonesia Tbk.,1991-08-01,2510706263.0,Watchlist
ZINC,Kapuas Prima Coal Tbk.,2017-10-16,25250000000.0,Watchlist
ZONE,Mega Perintis Tbk.,2018-12-12,870171478.0,Development
ZYRX,Zyrexindo Mandiri Buana Tbk.,2021-03-30,1333334556.0,Development
